{"fx": 386.9306945800781, "fy": 386.0135498046875, "ppx": 328.2937927246094, "ppy": 240.0088653564453, "height": 480, "width": 640, "depth_scale": 0.0010000000474974513}